Workbook

Sheet INPUT
A1: Item Number | B1: Description | C1: 2026 Amount | D1: 2027 Amount
A2: 1 | B2: Line 1 | C2: 242 | D2: 22
A3: 2 | B3: Line 2 | C3: 32 | D3: 442
A4: 3 | B4: Line 3 | C4: 234 | D4: 35

Sheet OUTPUT_1
A8: =INPUT!A1 -> Item Number | B8: =INPUT!B1 -> Description | C8: =INPUT!C1 -> 2026 Amount | D8: =INPUT!D1 -> 2027 Amount | E8: Diff
A9: =INPUT!A2 -> 1 | B9: =INPUT!B2 -> Line 1 | C9: =INPUT!C2 -> 242 | D9: =INPUT!D2 -> 22 | E9: =D9/C9 -> 0.090909091
A10: =INPUT!A3 -> 2 | B10: =INPUT!B3 -> Line 2 | C10: =INPUT!C3 -> 32 | D10: =INPUT!D3 -> 442 | E10: =D10/C10 -> 13.8125
A11: =INPUT!A4 -> 3 | B11: =INPUT!B4 -> Line 3 | C11: =INPUT!C4 -> 234 | D11: =INPUT!D4 -> 35 | E11: =D11/C11 -> 0.14957265
A12: TOTAL | C12: =SUM(C9:C11) -> 508 | D12: =SUM(D9:D11) -> 499 | E12: =D12/C12 -> 0.98228346

Sheet OUTPUT_2
A1: {=TRANSPOSE(OUTPUT_1!A8:E12)} -> Item Number | B1: 1 | C1: 2 | D1: 3 | E1: TOTAL
A2: Description | B2: Line 1 | C2: Line 2 | D2: Line 3
A3: 2026 Amount | B3: 242 | C3: 32 | D3: 234 | E3: 508
A4: 2027 Amount | B4: 22 | C4: 442 | D4: 35 | E4: 499
A5: Diff | B5: 0.090909091 | C5: 13.8125 | D5: 0.14957265 | E5: 0.98228346
